player_name,nation,position,age,matches_played,starts,minutes_played,goals,assists,penalties_scored,yellow_cards,red_cards,expected_goals,expected_assists,team_name
David Raya,es ESP,GK,29.0,37,37,3330.0,0.0,0.0,0.0,1.0,0.0,,,Arsenal
Declan Rice,eng ENG,MF,26.0,36,35,3094.0,4.0,5.0,0.0,3.0,0.0,,,Arsenal
Martín Zubimendi,es ESP,MF,26.0,38,34,2992.0,5.0,1.0,0.0,4.0,0.0,,,Arsenal
Gabriel Magalhães,br BRA,DF,27.0,32,30,2751.0,3.0,4.0,0.0,4.0,0.0,,,Arsenal
William Saliba,fr FRA,DF,24.0,31,30,2614.0,1.0,0.0,0.0,2.0,0.0,,,Arsenal
Jurriën Timber,nl NED,DF,24.0,30,28,2454.0,3.0,5.0,0.0,5.0,0.0,,,Arsenal
Viktor Gyökeres,se SWE,FW,27.0,36,26,2224.0,14.0,1.0,3.0,5.0,0.0,,,Arsenal
Bukayo Saka,eng ENG,"FW,MF",23.0,31,25,2222.0,7.0,5.0,1.0,2.0,0.0,,,Arsenal
Riccardo Calafiori,it ITA,DF,23.0,26,22,1699.0,1.0,2.0,0.0,5.0,0.0,,,Arsenal
Leandro Trossard,be BEL,"FW,MF",30.0,31,21,2000.0,6.0,6.0,0.0,2.0,0.0,,,Arsenal
Eberechi Eze,eng ENG,"MF,FW",27.0,32,21,1812.0,7.0,2.0,0.0,1.0,0.0,,,Arsenal
Piero Hincapié,ec ECU,DF,23.0,25,20,1792.0,1.0,2.0,0.0,2.0,0.0,,,Arsenal
Martin Ødegaard,no NOR,MF,26.0,24,16,1369.0,1.0,6.0,0.0,0.0,0.0,,,Arsenal
Noni Madueke,eng ENG,"FW,MF",23.0,26,16,1211.0,3.0,1.0,0.0,0.0,0.0,,,Arsenal
Gabriel Martinelli,br BRA,"FW,MF",24.0,30,11,1081.0,1.0,4.0,0.0,3.0,0.0,,,Arsenal
Mikel Merino,es ESP,"MF,FW",29.0,22,10,1036.0,4.0,3.0,0.0,1.0,0.0,,,Arsenal
Cristhian Mosquera,es ESP,DF,21.0,20,9,994.0,0.0,0.0,0.0,4.0,0.0,,,Arsenal
Ben White,eng ENG,DF,27.0,12,9,702.0,0.0,1.0,0.0,0.0,0.0,,,Arsenal
Kai Havertz,de GER,"FW,MF",26.0,12,7,581.0,2.0,3.0,0.0,1.0,0.0,,,Arsenal
Myles Lewis-Skelly,eng ENG,"MF,DF",18.0,20,5,709.0,0.0,0.0,0.0,3.0,0.0,,,Arsenal
Gabriel Jesus,br BRA,FW,28.0,14,3,429.0,3.0,0.0,0.0,3.0,0.0,,,Arsenal
Max Dowman,eng ENG,MF,15.0,6,1,157.0,1.0,0.0,0.0,0.0,0.0,,,Arsenal
Christian Nørgaard,dk DEN,MF,31.0,7,1,106.0,0.0,0.0,0.0,0.0,0.0,,,Arsenal
Kepa Arrizabalaga,es ESP,GK,30.0,1,1,90.0,0.0,0.0,0.0,0.0,0.0,,,Arsenal
Ethan Nwaneri,eng ENG,MF,18.0,6,0,171.0,0.0,0.0,0.0,0.0,0.0,,,Arsenal
Andre Annous,eng ENG,FW,17.0,0,0,,,,,,,,,Arsenal
Jakub Kiwior,pl POL,"DF,MF",25.0,0,0,,,,,,,,,Arsenal
Marli Salmon,eng ENG,DF,15.0,0,0,,,,,,,,,Arsenal
Tommy Setford,eng ENG,GK,19.0,0,0,,,,,,,,,Arsenal
Squad Total,,,26.0,38,418,3420.0,67.0,51.0,4.0,51.0,0.0,,,Arsenal
Opponent Total,,,26.1,38,418,3420.0,26.0,15.0,0.0,72.0,2.0,,,Arsenal
Morgan Rogers,eng ENG,MF,23.0,37,37,3280.0,10.0,6.0,0.0,7.0,0.0,,,Aston-Villa
Ezri Konsa,eng ENG,DF,27.0,34,34,3035.0,0.0,0.0,0.0,0.0,1.0,,,Aston-Villa
Matty Cash,pl POL,DF,27.0,35,34,3014.0,3.0,3.0,0.0,9.0,0.0,,,Aston-Villa
Ollie Watkins,eng ENG,FW,29.0,37,33,2839.0,16.0,3.0,0.0,4.0,0.0,,,Aston-Villa
Emiliano Martínez,ar ARG,GK,32.0,32,32,2835.0,0.0,1.0,0.0,2.0,0.0,,,Aston-Villa
John McGinn,sct SCO,MF,30.0,30,28,2137.0,5.0,4.0,0.0,5.0,0.0,,,Aston-Villa
Youri Tielemans,be BEL,MF,28.0,25,21,1862.0,0.0,4.0,0.0,0.0,0.0,,,Aston-Villa
Lucas Digne,fr FRA,DF,32.0,31,21,1852.0,0.0,6.0,0.0,3.0,0.0,,,Aston-Villa
Amadou Onana,be BEL,MF,23.0,25,21,1758.0,2.0,0.0,0.0,3.0,0.0,,,Aston-Villa
Emi Buendía,ar ARG,MF,28.0,36,21,1755.0,6.0,2.0,0.0,6.0,0.0,,,Aston-Villa
Pau Torres,es ESP,DF,28.0,21,18,1676.0,0.0,0.0,0.0,1.0,0.0,,,Aston-Villa
Ian Maatsen,nl NED,DF,23.0,30,17,1605.0,0.0,1.0,0.0,2.0,0.0,,,Aston-Villa
Boubacar Kamara,fr FRA,MF,25.0,18,17,1411.0,1.0,3.0,0.0,5.0,0.0,,,Aston-Villa
Tyrone Mings,eng ENG,DF,32.0,17,15,1324.0,0.0,0.0,0.0,1.0,0.0,,,Aston-Villa
Lamare Bogarde,nl NED,"MF,DF",21.0,28,11,1053.0,0.0,0.0,0.0,5.0,0.0,,,Aston-Villa
Victor Lindelöf,se SWE,"DF,MF",31.0,17,11,948.0,0.0,1.0,0.0,0.0,0.0,,,Aston-Villa
Jadon Sancho,eng ENG,MF,25.0,23,9,876.0,0.0,2.0,0.0,0.0,0.0,,,Aston-Villa
Ross Barkley,eng ENG,MF,31.0,21,7,857.0,3.0,1.0,0.0,1.0,0.0,,,Aston-Villa
Douglas Luiz,br BRA,MF,27.0,13,7,604.0,1.0,0.0,0.0,1.0,0.0,,,Aston-Villa
Evann Guessand,ci CIV,MF,24.0,13,6,588.0,0.0,1.0,0.0,0.0,0.0,,,Aston-Villa
Marco Bizot,nl NED,GK,34.0,7,6,585.0,0.0,0.0,0.0,2.0,0.0,,,Aston-Villa
Donyell Malen,nl NED,"FW,MF",26.0,21,5,656.0,4.0,1.0,0.0,0.0,0.0,,,Aston-Villa
Leon Bailey,jm JAM,MF,27.0,13,3,459.0,0.0,1.0,0.0,1.0,0.0,,,Aston-Villa
Tammy Abraham,eng ENG,FW,27.0,12,2,286.0,2.0,0.0,0.0,0.0,0.0,,,Aston-Villa
Harvey Elliott,eng ENG,MF,22.0,4,1,112.0,0.0,0.0,0.0,0.0,0.0,,,Aston-Villa
Andrés García,es ESP,DF,22.0,6,1,86.0,0.0,0.0,0.0,0.0,0.0,,,Aston-Villa
Alysson,br BRA,MF,19.0,3,0,49.0,0.0,0.0,0.0,0.0,0.0,,,Aston-Villa
George Hemmings,eng ENG,MF,18.0,2,0,27.0,0.0,0.0,0.0,0.0,0.0,,,Aston-Villa
Bradley Burrowes,eng ENG,MF,17.0,1,0,17.0,0.0,0.0,0.0,0.0,0.0,,,Aston-Villa
Jamaldeen Jimoh,eng ENG,MF,18.0,1,0,9.0,0.0,0.0,0.0,0.0,0.0,,,Aston-Villa
Benjamin Broggio,eng ENG,MF,18.0,0,0,,,,,,,,,Aston-Villa
Theodore Carroll,eng ENG,DF,18.0,0,0,,,,,,,,,Aston-Villa
Ronnie Hollingshead,wls WAL,GK,20.0,0,0,,,,,,,,,Aston-Villa
Samuel Iling-Junior,eng ENG,MF,21.0,0,0,,,,,,,,,Aston-Villa
Travis Patterson,eng ENG,DF,19.0,0,0,,,,,,,,,Aston-Villa
Sam Proctor,eng ENG,GK,18.0,0,0,,,,,,,,,Aston-Villa
Leon Routh,eng ENG,DF,17.0,0,0,,,,,,,,,Aston-Villa
Triston Rowe,eng ENG,DF,19.0,0,0,,,,,,,,,Aston-Villa
James Wright,eng ENG,GK,20.0,0,0,,,,,,,,,Aston-Villa
Squad Total,,,28.0,38,418,3420.0,53.0,40.0,0.0,58.0,1.0,,,Aston-Villa
Opponent Total,,,26.0,38,418,3420.0,48.0,30.0,1.0,90.0,2.0,,,Aston-Villa
Đorđe Petrović,rs SRB,GK,25.0,38,38,3420.0,0.0,0.0,0.0,3.0,0.0,,,Bournemouth
Adrien Truffert,fr FRA,DF,23.0,38,38,3379.0,1.0,5.0,0.0,5.0,0.0,,,Bournemouth
Marcos Senesi,ar ARG,DF,28.0,37,37,3288.0,0.0,5.0,0.0,8.0,0.0,,,Bournemouth
Alex Scott,eng ENG,MF,21.0,37,34,2849.0,3.0,1.0,0.0,5.0,0.0,,,Bournemouth
Evanilson,br BRA,FW,25.0,36,32,2742.0,6.0,1.0,0.0,2.0,0.0,,,Bournemouth
Marcus Tavernier,eng ENG,MF,26.0,34,31,2731.0,7.0,4.0,2.0,6.0,0.0,,,Bournemouth
Álex Jiménez,es ESP,"DF,MF",20.0,31,26,2317.0,1.0,0.0,0.0,10.0,0.0,,,Bournemouth
James Hill,eng ENG,DF,23.0,29,22,2106.0,0.0,3.0,0.0,5.0,0.0,,,Bournemouth
Tyler Adams,us USA,MF,26.0,25,21,1772.0,2.0,2.0,0.0,8.0,0.0,,,Bournemouth
Eli Junior Kroupi,fr FRA,"MF,FW",19.0,33,21,1672.0,13.0,0.0,2.0,5.0,0.0,,,Bournemouth
Antoine Semenyo,gh GHA,MF,25.0,20,20,1798.0,10.0,3.0,1.0,6.0,0.0,,,Bournemouth
Bafodé Diakité,fr FRA,DF,24.0,18,15,1277.0,0.0,0.0,0.0,1.0,0.0,,,Bournemouth
Adam Smith,eng ENG,DF,34.0,22,14,1077.0,0.0,2.0,0.0,3.0,0.0,,,Bournemouth
David Brooks,wls WAL,MF,28.0,31,13,1204.0,1.0,3.0,0.0,7.0,0.0,,,Bournemouth
Rayan,br BRA,MF,18.0,15,13,1111.0,5.0,2.0,0.0,1.0,0.0,,,Bournemouth
Amine Adli,ma MAR,MF,25.0,31,10,1094.0,3.0,1.0,0.0,2.0,0.0,,,Bournemouth
Justin Kluivert,nl NED,MF,26.0,20,10,952.0,2.0,0.0,0.0,5.0,0.0,,,Bournemouth
Ryan Christie,sct SCO,MF,30.0,26,9,994.0,2.0,0.0,0.0,3.0,1.0,,,Bournemouth
Lewis Cook,eng ENG,"MF,DF",28.0,18,8,874.0,0.0,1.0,0.0,1.0,1.0,,,Bournemouth
Veljko Milosavljević,rs SRB,DF,18.0,7,4,368.0,0.0,0.0,0.0,0.0,0.0,,,Bournemouth
Alex Tóth,hu HUN,MF,19.0,9,2,140.0,0.0,0.0,0.0,1.0,0.0,,,Bournemouth
Enes Ünal,tr TUR,FW,28.0,23,0,232.0,1.0,0.0,0.0,1.0,0.0,,,Bournemouth
Ben Gannon-Doak,sct SCO,MF,19.0,8,0,113.0,0.0,1.0,0.0,0.0,0.0,,,Bournemouth
Julio Soler,ar ARG,DF,20.0,3,0,35.0,0.0,0.0,0.0,0.0,0.0,,,Bournemouth
Hamed Junior Traorè,ci CIV,MF,25.0,1,0,17.0,0.0,1.0,0.0,0.0,0.0,,,Bournemouth
Ben Winterburn,eng ENG,MF,20.0,1,0,7.0,0.0,0.0,0.0,0.0,0.0,,,Bournemouth
Julian Araujo,mx MEX,DF,23.0,0,0,,,,,,,,,Bournemouth
Philip Billing,dk DEN,MF,29.0,0,0,,,,,,,,,Bournemouth
Malcom Dacosta,ec ECU,MF,17.0,0,0,,,,,,,,,Bournemouth
Will Dennis,eng ENG,GK,25.0,0,0,,,,,,,,,Bournemouth
Romain Faivre,fr FRA,MF,27.0,0,0,,,,,,,,,Bournemouth
Fraser Forster,eng ENG,GK,37.0,0,0,,,,,,,,,Bournemouth
Christos Mandas,gr GRE,GK,23.0,0,0,,,,,,,,,Bournemouth
Remy Rees-Dottin,eng ENG,FW,19.0,0,0,,,,,,,,,Bournemouth
Dominic Sadi,eng ENG,MF,21.0,0,0,,,,,,,,,Bournemouth
Charlie Stevens,wls WAL,MF,18.0,0,0,,,,,,,,,Bournemouth
Squad Total,,,25.0,38,418,3420.0,57.0,35.0,5.0,88.0,2.0,,,Bournemouth
Opponent Total,,,26.2,38,418,3420.0,51.0,31.0,6.0,70.0,4.0,,,Bournemouth
Caoimhín Kelleher,ie IRL,GK,26.0,37,37,3330.0,0.0,0.0,0.0,1.0,0.0,,,Brentford
Igor Thiago,br BRA,FW,24.0,38,37,3282.0,22.0,1.0,8.0,7.0,0.0,,,Brentford
Michael Kayode,it ITA,DF,21.0,37,37,3258.0,1.0,1.0,0.0,8.0,0.0,,,Brentford
Nathan Collins,ie IRL,DF,24.0,35,32,2975.0,1.0,2.0,0.0,7.0,0.0,,,Brentford
Kevin Schade,de GER,"MF,FW",23.0,35,32,2745.0,8.0,3.0,0.0,6.0,1.0,,,Brentford
Sepp van den Berg,nl NED,DF,23.0,32,30,2763.0,0.0,2.0,0.0,2.0,0.0,,,Brentford
Yehor Yarmoliuk,ua UKR,MF,21.0,37,30,2659.0,1.0,2.0,0.0,7.0,0.0,,,Brentford
Mathias Jensen,dk DEN,MF,29.0,36,26,2247.0,3.0,1.0,0.0,3.0,0.0,,,Brentford
Dango Ouattara,bf BFA,MF,23.0,32,25,2276.0,7.0,3.0,0.0,5.0,0.0,,,Brentford
Mikkel Damsgaard,dk DEN,MF,25.0,33,24,2054.0,4.0,4.0,0.0,0.0,0.0,,,Brentford
Keane Lewis-Potter,eng ENG,"DF,MF",24.0,36,22,1972.0,3.0,3.0,0.0,1.0,0.0,,,Brentford
Jordan Henderson,eng ENG,MF,35.0,32,22,1919.0,1.0,3.0,0.0,6.0,0.0,,,Brentford
Kristoffer Ajer,no NOR,DF,27.0,27,20,1810.0,0.0,1.0,0.0,4.0,0.0,,,Brentford
Vitaly Janelt,de GER,MF,27.0,25,15,1443.0,1.0,4.0,0.0,8.0,0.0,,,Brentford
Rico Henry,jm JAM,DF,28.0,25,14,1328.0,0.0,1.0,0.0,2.0,0.0,,,Brentford
Aaron Hickey,sct SCO,"DF,MF",23.0,21,8,691.0,0.0,0.0,0.0,1.0,0.0,,,Brentford
Ethan Pinnock,jm JAM,DF,32.0,4,4,318.0,0.0,0.0,0.0,1.0,0.0,,,Brentford
Fabio Carvalho,pt POR,MF,22.0,6,1,102.0,1.0,0.0,0.0,0.0,0.0,,,Brentford
Hákon Valdimarsson,is ISL,GK,23.0,1,1,90.0,0.0,0.0,0.0,0.0,0.0,,,Brentford
Antoni Milambo,nl NED,MF,20.0,1,1,45.0,0.0,0.0,0.0,0.0,0.0,,,Brentford
Reiss Nelson,eng ENG,"FW,MF",25.0,10,0,126.0,0.0,1.0,0.0,0.0,0.0,,,Brentford
Frank Onyeka,ng NGA,MF,27.0,6,0,92.0,0.0,1.0,0.0,0.0,0.0,,,Brentford
Romelle Donovan,eng ENG,FW,18.0,4,0,41.0,0.0,0.0,0.0,0.0,0.0,,,Brentford
Josh Dasilva,eng ENG,MF,26.0,2,0,3.0,0.0,0.0,0.0,0.0,0.0,,,Brentford
Kaye Furo,be BEL,FW,18.0,1,0,1.0,0.0,0.0,0.0,0.0,0.0,,,Brentford
Myles Peart-Harris,eng ENG,MF,22.0,1,0,1.0,0.0,0.0,0.0,0.0,0.0,,,Brentford
Benjamin Arthur,eng ENG,DF,19.0,0,0,,,,,,,,,Brentford
Ellery Balcombe,eng ENG,GK,25.0,0,0,,,,,,,,,Brentford
Luka Bentt,be BEL,MF,17.0,0,0,,,,,,,,,Brentford
Yunus Emre Konak,tr TUR,MF,19.0,0,0,,,,,,,,,Brentford
Conor McManus,,DF,,0,0,,,,,,,,,Brentford
Gustavo Nunes,br BRA,MF,19.0,0,0,,,,,,,,,Brentford
Riley Owen,eng ENG,MF,19.0,0,0,,,,,,,,,Brentford
Mads Roerslev,dk DEN,"DF,MF",26.0,0,0,,,,,,,,,Brentford
Ollie Shield,eng ENG,MF,18.0,0,0,,,,,,,,,Brentford
Joshua Stephenson,,MF,,0,0,,,,,,,,,Brentford
Squad Total,,,25.2,38,418,3420.0,53.0,33.0,8.0,69.0,1.0,,,Brentford
Opponent Total,,,26.3,38,418,3420.0,49.0,30.0,5.0,74.0,1.0,,,Brentford
Bart Verbruggen,nl NED,GK,22.0,38,38,3420.0,0.0,0.0,0.0,3.0,0.0,,,Brighton-and-Hove-Albion
Jan Paul van Hecke,nl NED,DF,25.0,36,36,3210.0,3.0,3.0,0.0,9.0,0.0,,,Brighton-and-Hove-Albion
Ferdi Kadioglu,tr TUR,"DF,MF",25.0,37,34,3133.0,1.0,0.0,0.0,6.0,0.0,,,Brighton-and-Hove-Albion
Lewis Dunk,eng ENG,DF,33.0,33,31,2838.0,1.0,0.0,0.0,10.0,0.0,,,Brighton-and-Hove-Albion
Yankuba Minteh,gm GAM,MF,21.0,34,26,2391.0,3.0,4.0,0.0,3.0,0.0,,,Brighton-and-Hove-Albion
Danny Welbeck,eng ENG,FW,34.0,37,26,2258.0,13.0,1.0,1.0,5.0,0.0,,,Brighton-and-Hove-Albion
Diego Gómez,py PAR,"MF,FW",22.0,32,26,2120.0,5.0,1.0,0.0,9.0,0.0,,,Brighton-and-Hove-Albion
Mats Wieffer,nl NED,DF,25.0,26,23,1903.0,2.0,3.0,0.0,8.0,0.0,,,Brighton-and-Hove-Albion
Carlos Baleba,cm CMR,MF,21.0,31,23,1652.0,0.0,0.0,0.0,5.0,0.0,,,Brighton-and-Hove-Albion
Yasin Ayari,se SWE,MF,21.0,29,20,1929.0,3.0,3.0,0.0,1.0,0.0,,,Brighton-and-Hove-Albion
Georginio Rutter,fr FRA,"MF,FW",23.0,32,20,1786.0,3.0,3.0,0.0,2.0,0.0,,,Brighton-and-Hove-Albion
Jack Hinshelwood,eng ENG,MF,20.0,27,20,1741.0,4.0,3.0,0.0,0.0,0.0,,,Brighton-and-Hove-Albion
Kaoru Mitoma,jp JPN,"MF,FW",28.0,25,19,1721.0,3.0,1.0,0.0,5.0,0.0,,,Brighton-and-Hove-Albion
Pascal Groß,de GER,MF,34.0,19,18,1636.0,1.0,3.0,0.0,2.0,0.0,,,Brighton-and-Hove-Albion
Maxim De Cuyper,be BEL,"DF,MF",24.0,30,17,1414.0,2.0,3.0,0.0,2.0,0.0,,,Brighton-and-Hove-Albion
Joël Veltman,nl NED,DF,33.0,24,9,1058.0,1.0,0.0,0.0,5.0,0.0,,,Brighton-and-Hove-Albion
Olivier Boscagli,fr FRA,DF,27.0,12,9,802.0,0.0,1.0,0.0,2.0,0.0,,,Brighton-and-Hove-Albion
Brajan Gruda,de GER,MF,21.0,18,8,719.0,1.0,1.0,0.0,2.0,0.0,,,Brighton-and-Hove-Albion
James Milner,eng ENG,MF,39.0,20,7,784.0,1.0,1.0,1.0,2.0,0.0,,,Brighton-and-Hove-Albion
Charalampos Kostoulas,gr GRE,FW,18.0,21,2,369.0,2.0,1.0,0.0,2.0,0.0,,,Brighton-and-Hove-Albion
Matt O'Riley,dk DEN,MF,24.0,6,2,204.0,1.0,0.0,1.0,0.0,0.0,,,Brighton-and-Hove-Albion
Diego Coppola,it ITA,DF,21.0,5,2,194.0,0.0,0.0,0.0,2.0,0.0,,,Brighton-and-Hove-Albion
Stefanos Tzimas,gr GRE,FW,19.0,9,1,139.0,1.0,1.0,0.0,0.0,0.0,,,Brighton-and-Hove-Albion
Harry Howell,eng ENG,MF,17.0,3,1,94.0,0.0,0.0,0.0,0.0,0.0,,,Brighton-and-Hove-Albion
Tom Watson,eng ENG,MF,19.0,6,0,62.0,0.0,0.0,0.0,1.0,0.0,,,Brighton-and-Hove-Albion
Solly March,eng ENG,MF,31.0,4,0,41.0,0.0,0.0,0.0,0.0,0.0,,,Brighton-and-Hove-Albion
Joe Knight,eng ENG,MF,19.0,1,0,1.0,0.0,0.0,0.0,0.0,0.0,,,Brighton-and-Hove-Albion
Nehemiah Oriola,eng ENG,MF,18.0,1,0,1.0,0.0,0.0,0.0,0.0,0.0,,,Brighton-and-Hove-Albion
Igor,br BRA,DF,27.0,0,0,,,,,,,,,Brighton-and-Hove-Albion
Freddie Simmonds,eng ENG,DF,17.0,0,0,,,,,,,,,Brighton-and-Hove-Albion
Jason Steele,eng ENG,GK,34.0,0,0,,,,,,,,,Brighton-and-Hove-Albion
Charlie Tasker,eng ENG,DF,19.0,0,0,,,,,,,,,Brighton-and-Hove-Albion
Squad Total,,,26.1,38,418,3420.0,51.0,33.0,3.0,86.0,0.0,,,Brighton-and-Hove-Albion
Opponent Total,,,26.1,38,418,3420.0,42.0,30.0,5.0,77.0,1.0,,,Brighton-and-Hove-Albion
Martin Dúbravka,sk SVK,GK,36.0,35,35,3150.0,0.0,0.0,0.0,1.0,0.0,,,Burnley
Kyle Walker,eng ENG,"DF,MF",35.0,36,35,3096.0,0.0,2.0,0.0,9.0,0.0,,,Burnley
Maxime Estève,fr FRA,DF,23.0,34,34,2932.0,0.0,0.0,0.0,1.0,0.0,,,Burnley
Jaidon Anthony,eng ENG,MF,25.0,37,32,2722.0,8.0,2.0,0.0,4.0,0.0,,,Burnley
Lesley Ugochukwu,fr FRA,MF,21.0,35,27,2336.0,3.0,1.0,0.0,3.0,1.0,,,Burnley
Florentino Luís,pt POR,MF,25.0,31,25,2105.0,0.0,2.0,0.0,6.0,0.0,,,Burnley
Quilindschy Hartman,nl NED,DF,23.0,21,21,1825.0,0.0,5.0,0.0,1.0,0.0,,,Burnley
Zian Flemming,nl NED,FW,26.0,29,21,1769.0,11.0,0.0,2.0,5.0,0.0,,,Burnley
Josh Laurent,eng ENG,"DF,MF",30.0,33,18,1764.0,1.0,0.0,0.0,7.0,1.0,,,Burnley
Josh Cullen,ie IRL,MF,29.0,18,18,1514.0,2.0,2.0,0.0,2.0,0.0,,,Burnley
Bashir Humphreys,eng ENG,"DF,MF",22.0,20,17,1578.0,0.0,0.0,0.0,6.0,0.0,,,Burnley
Hjalmar Ekdal,se SWE,DF,26.0,19,17,1539.0,0.0,0.0,0.0,0.0,0.0,,,Burnley
Lucas,br BRA,"MF,DF",24.0,20,15,1409.0,0.0,0.0,0.0,1.0,1.0,,,Burnley
Lyle Foster,za RSA,"FW,MF",24.0,26,15,1371.0,3.0,2.0,0.0,4.0,0.0,,,Burnley
Hannibal Mejbri,tn TUN,MF,22.0,27,15,1229.0,1.0,4.0,0.0,10.0,0.0,,,Burnley
Loum Tchaouna,fr FRA,"MF,FW",21.0,29,14,1272.0,2.0,1.0,0.0,2.0,0.0,,,Burnley
Axel Tuanzebe,cd COD,DF,27.0,14,14,1201.0,1.0,0.0,0.0,1.0,0.0,,,Burnley
Marcus Edwards,eng ENG,"MF,FW",26.0,23,11,1067.0,1.0,3.0,0.0,0.0,0.0,,,Burnley
Jacob Bruun Larsen,dk DEN,"MF,FW",26.0,28,10,1030.0,0.0,1.0,0.0,0.0,0.0,,,Burnley
Armando Broja,al ALB,FW,23.0,24,8,860.0,1.0,1.0,0.0,0.0,0.0,,,Burnley
James Ward-Prowse,eng ENG,MF,30.0,13,7,684.0,0.0,1.0,0.0,1.0,0.0,,,Burnley
Joe Worrall,eng ENG,DF,28.0,11,5,500.0,0.0,0.0,0.0,0.0,0.0,,,Burnley
Max Weiß,de GER,GK,21.0,3,3,270.0,0.0,0.0,0.0,0.0,0.0,,,Burnley
Oliver Sonne,pe PER,DF,24.0,7,1,169.0,1.0,0.0,0.0,0.0,0.0,,,Burnley
Zeki Amdouni,ch SUI,"FW,MF",24.0,4,0,73.0,0.0,0.0,0.0,0.0,0.0,,,Burnley
Ashley Barnes,eng ENG,"FW,MF",35.0,7,0,46.0,0.0,0.0,0.0,2.0,0.0,,,Burnley
Mike Trésor,be BEL,"FW,MF",26.0,6,0,43.0,0.0,0.0,0.0,0.0,0.0,,,Burnley
Jaydon Amauri Banel,nl NED,"FW,MF",20.0,1,0,10.0,0.0,0.0,0.0,0.0,0.0,,,Burnley
Enock Agyei,be BEL,FW,20.0,0,0,,,,,,,,,Burnley
George Brierley,eng ENG,MF,17.0,0,0,,,,,,,,,Burnley
Kian McMahon-Brown,ie IRL,MF,16.0,0,0,,,,,,,,,Burnley
Oliver Pimlott,eng ENG,MF,18.0,0,0,,,,,,,,,Burnley
Aaron Ramsey,eng ENG,MF,22.0,0,0,,,,,,,,,Burnley
Connor Roberts,wls WAL,"DF,MF",29.0,0,0,,,,,,,,,Burnley
Squad Total,,,27.0,38,418,3420.0,35.0,27.0,2.0,66.0,3.0,,,Burnley
Opponent Total,,,26.1,38,418,3420.0,71.0,46.0,7.0,47.0,1.0,,,Burnley
Enzo Fernández,ar ARG,MF,24.0,36,35,3115.0,10.0,4.0,2.0,10.0,0.0,,,Chelsea
Robert Sánchez,es ESP,GK,27.0,35,35,3039.0,0.0,1.0,0.0,3.0,1.0,,,Chelsea
Moisés Caicedo,ec ECU,MF,23.0,33,32,2795.0,3.0,1.0,0.0,11.0,1.0,,,Chelsea
Trevoh Chalobah,eng ENG,DF,26.0,34,31,2783.0,3.0,0.0,0.0,3.0,1.0,,,Chelsea
Marc Cucurella,es ESP,DF,27.0,34,31,2707.0,1.0,4.0,0.0,8.0,1.0,,,Chelsea
João Pedro,br BRA,"FW,MF",23.0,35,31,2661.0,15.0,5.0,0.0,5.0,0.0,,,Chelsea
Pedro Neto,pt POR,"MF,FW",25.0,34,30,2631.0,5.0,6.0,0.0,4.0,1.0,,,Chelsea
Malo Gusto,fr FRA,"DF,MF",22.0,34,26,2261.0,2.0,3.0,0.0,5.0,1.0,,,Chelsea
Cole Palmer,eng ENG,MF,23.0,26,24,1955.0,10.0,1.0,5.0,5.0,0.0,,,Chelsea
Reece James,eng ENG,"DF,MF",25.0,29,20,1963.0,2.0,4.0,0.0,4.0,0.0,,,Chelsea
Wesley Fofana,fr FRA,DF,24.0,25,20,1722.0,0.0,1.0,0.0,9.0,2.0,,,Chelsea
Alejandro Garnacho,ar ARG,MF,21.0,24,14,1268.0,1.0,4.0,0.0,2.0,0.0,,,Chelsea
Andrey Santos,br BRA,MF,21.0,27,13,1260.0,1.0,0.0,0.0,4.0,0.0,,,Chelsea
Jorrel Hato,nl NED,DF,19.0,22,12,1148.0,0.0,0.0,0.0,7.0,0.0,,,Chelsea
Liam Delap,eng ENG,FW,22.0,28,12,1107.0,1.0,0.0,0.0,4.0,0.0,,,Chelsea
Estêvão Willian,br BRA,MF,18.0,22,12,848.0,2.0,2.0,0.0,4.0,0.0,,,Chelsea
Tosin Adarabioyo,eng ENG,DF,27.0,16,8,795.0,0.0,0.0,0.0,2.0,0.0,,,Chelsea
Joshua Acheampong,eng ENG,DF,19.0,17,8,666.0,1.0,0.0,0.0,1.0,0.0,,,Chelsea
Benoît Badiashile,fr FRA,DF,24.0,8,6,471.0,0.0,0.0,0.0,2.0,0.0,,,Chelsea
Jamie Gittens,eng ENG,MF,20.0,16,5,495.0,0.0,2.0,0.0,0.0,0.0,,,Chelsea
Roméo Lavia,be BEL,MF,21.0,12,4,382.0,0.0,0.0,0.0,0.0,0.0,,,Chelsea
Filip Jørgensen,dk DEN,GK,23.0,5,3,379.0,0.0,0.0,0.0,0.0,0.0,,,Chelsea
Levi Colwill,eng ENG,DF,22.0,3,2,225.0,0.0,0.0,0.0,0.0,0.0,,,Chelsea
Marc Guiu,es ESP,FW,19.0,8,1,257.0,0.0,1.0,0.0,1.0,0.0,,,Chelsea
Mamadou Sarr,sn SEN,DF,19.0,3,1,102.0,0.0,0.0,0.0,0.0,0.0,,,Chelsea
Facundo Buonanotte,ar ARG,MF,20.0,1,1,45.0,0.0,0.0,0.0,0.0,0.0,,,Chelsea
Jesse Derry,eng ENG,MF,18.0,1,1,44.0,0.0,0.0,0.0,0.0,0.0,,,Chelsea
Tyrique George,eng ENG,FW,19.0,4,0,145.0,0.0,0.0,0.0,2.0,0.0,,,Chelsea
Dario Essugo,pt POR,MF,20.0,3,0,30.0,0.0,0.0,0.0,2.0,0.0,,,Chelsea
Shumaira Mheuka,eng ENG,FW,17.0,1,0,2.0,0.0,0.0,0.0,0.0,0.0,,,Chelsea
Mathis Eboue,eng ENG,FW,16.0,0,0,,,,,,,,,Chelsea
Landon Emenalo,eng ENG,DF,17.0,0,0,,,,,,,,,Chelsea
Ryan Kavuma McQueen,eng ENG,FW,16.0,0,0,,,,,,,,,Chelsea
Max Merrick,eng ENG,GK,19.0,0,0,,,,,,,,,Chelsea
Teddy Sharman,eng ENG,GK,22.0,0,0,,,,,,,,,Chelsea
Gaga Slonina,us USA,GK,21.0,0,0,,,,,,,,,Chelsea
Squad Total,,,24.1,38,418,3420.0,57.0,39.0,7.0,98.0,8.0,,,Chelsea
Opponent Total,,,26.3,38,418,3420.0,51.0,39.0,2.0,85.0,3.0,,,Chelsea
Dean Henderson,eng ENG,GK,28.0,37,37,3330.0,0.0,0.0,0.0,5.0,0.0,,,Crystal-Palace
Tyrick Mitchell,eng ENG,MF,25.0,38,36,3251.0,1.0,2.0,0.0,6.0,0.0,,,Crystal-Palace
Maxence Lacroix,fr FRA,DF,25.0,35,35,3085.0,1.0,2.0,0.0,4.0,1.0,,,Crystal-Palace
Chris Richards,us USA,DF,25.0,33,31,2827.0,1.0,0.0,0.0,4.0,0.0,,,Crystal-Palace
Adam Wharton,eng ENG,MF,21.0,34,29,2552.0,1.0,5.0,0.0,6.0,1.0,,,Crystal-Palace
Daniel Muñoz,co COL,MF,29.0,29,29,2399.0,4.0,3.0,0.0,7.0,0.0,,,Crystal-Palace
Yéremy Pino,es ESP,"MF,FW",22.0,34,26,2080.0,2.0,2.0,0.0,4.0,0.0,,,Crystal-Palace
Jean-Philippe Mateta,fr FRA,FW,28.0,32,25,2218.0,12.0,0.0,4.0,2.0,0.0,,,Crystal-Palace
Ismaila Sarr,sn SEN,MF,27.0,28,24,2174.0,9.0,1.0,3.0,2.0,0.0,,,Crystal-Palace
Daichi Kamada,jp JPN,MF,28.0,28,22,1902.0,0.0,0.0,0.0,3.0,0.0,,,Crystal-Palace
Marc Guéhi,eng ENG,DF,25.0,20,20,1800.0,2.0,2.0,0.0,4.0,0.0,,,Crystal-Palace
Will Hughes,eng ENG,MF,30.0,31,19,1571.0,0.0,0.0,0.0,7.0,0.0,,,Crystal-Palace
Jefferson Lerma,co COL,"MF,DF",30.0,31,18,1733.0,0.0,2.0,0.0,7.0,0.0,,,Crystal-Palace
Jaydee Canvot,fr FRA,DF,19.0,20,14,1336.0,0.0,0.0,0.0,3.0,0.0,,,Crystal-Palace
Brennan Johnson,wls WAL,"MF,FW",24.0,18,13,1112.0,0.0,1.0,0.0,4.0,0.0,,,Crystal-Palace
Jørgen Strand Larsen,no NOR,FW,25.0,14,12,903.0,3.0,0.0,0.0,2.0,0.0,,,Crystal-Palace
Justin Devenny,nir NIR,"MF,FW",21.0,21,7,796.0,1.0,0.0,1.0,0.0,0.0,,,Crystal-Palace
Nathaniel Clyne,eng ENG,"MF,DF",34.0,10,7,594.0,0.0,1.0,0.0,1.0,0.0,,,Crystal-Palace
Chadi Riad,ma MAR,DF,22.0,9,6,552.0,0.0,1.0,0.0,2.0,0.0,,,Crystal-Palace
Evann Guessand,ci CIV,MF,24.0,8,3,330.0,1.0,1.0,0.0,0.0,0.0,,,Crystal-Palace
Eddie Nketiah,eng ENG,MF,26.0,12,2,424.0,2.0,0.0,0.0,2.0,0.0,,,Crystal-Palace
Walter Benítez,ar ARG,GK,32.0,1,1,90.0,0.0,0.0,0.0,0.0,0.0,,,Crystal-Palace
Rio Cardines,tt TRI,MF,19.0,1,1,90.0,0.0,0.0,0.0,0.0,0.0,,,Crystal-Palace
Eberechi Eze,eng ENG,MF,27.0,1,1,83.0,0.0,0.0,0.0,0.0,0.0,,,Crystal-Palace
Christantus Uche,ng NGA,FW,22.0,14,0,173.0,0.0,0.0,0.0,0.0,0.0,,,Crystal-Palace
Borna Sosa,hr CRO,"DF,MF",27.0,7,0,101.0,0.0,0.0,0.0,1.0,0.0,,,Crystal-Palace
Romain Esse,eng ENG,MF,20.0,4,0,44.0,0.0,0.0,0.0,0.0,0.0,,,Crystal-Palace
Joél Drakes-Thomas,eng ENG,MF,16.0,2,0,9.0,0.0,0.0,0.0,0.0,0.0,,,Crystal-Palace
Kaden Rodney,eng ENG,"DF,MF",20.0,1,0,4.0,0.0,0.0,0.0,0.0,0.0,,,Crystal-Palace
Odsonne Édouard,fr FRA,FW,27.0,1,0,3.0,0.0,0.0,0.0,0.0,0.0,,,Crystal-Palace
Dean Benamar,eng ENG,DF,17.0,0,0,,,,,,,,,Crystal-Palace
Ben Casey,eng ENG,FW,17.0,0,0,,,,,,,,,Crystal-Palace
Danny Imray,eng ENG,"DF,MF",22.0,0,0,,,,,,,,,Crystal-Palace
George King,eng ENG,DF,18.0,0,0,,,,,,,,,Crystal-Palace
Zachariah Marsh,eng ENG,FW,19.0,0,0,,,,,,,,,Crystal-Palace
Remi Matthews,eng ENG,GK,31.0,0,0,,,,,,,,,Crystal-Palace
Jesurun Rak Sakyi,gh GHA,"FW,MF",22.0,0,0,,,,,,,,,Crystal-Palace
Squad Total,,,26.2,38,418,3420.0,40.0,23.0,8.0,76.0,2.0,,,Crystal-Palace
Opponent Total,,,26.2,38,418,3420.0,49.0,30.0,5.0,68.0,4.0,,,Crystal-Palace
Jordan Pickford,eng ENG,GK,31.0,38,38,3420.0,0.0,0.0,0.0,4.0,0.0,,,Everton
James Garner,eng ENG,"MF,DF",24.0,38,38,3413.0,2.0,7.0,0.0,12.0,0.0,,,Everton
James Tarkowski,eng ENG,DF,32.0,37,37,3330.0,2.0,3.0,0.0,8.0,0.0,,,Everton
Jake O'Brien,ie IRL,DF,24.0,37,35,3120.0,1.0,1.0,0.0,6.0,1.0,,,Everton
Vitaliy Mykolenko,ua UKR,DF,26.0,33,33,2958.0,0.0,1.0,0.0,6.0,0.0,,,Everton
Iliman Ndiaye,sn SEN,MF,25.0,32,32,2778.0,6.0,3.0,2.0,2.0,0.0,,,Everton
Kiernan Dewsbury-Hall,eng ENG,MF,26.0,31,30,2626.0,8.0,4.0,0.0,6.0,0.0,,,Everton
Michael Keane,eng ENG,DF,32.0,33,29,2591.0,3.0,1.0,0.0,1.0,1.0,,,Everton
Idrissa Gueye,sn SEN,MF,35.0,25,25,2093.0,2.0,3.0,0.0,1.0,1.0,,,Everton
Thierno Barry,fr FRA,FW,22.0,38,21,1914.0,8.0,0.0,0.0,3.0,0.0,,,Everton
Jack Grealish,eng ENG,MF,29.0,20,18,1627.0,2.0,6.0,0.0,5.0,1.0,,,Everton
Beto,gw GNB,FW,27.0,37,17,1568.0,9.0,1.0,0.0,3.0,0.0,,,Everton
Tim Iroegbunam,eng ENG,MF,22.0,29,17,1487.0,0.0,2.0,0.0,9.0,0.0,,,Everton
Dwight McNeil,eng ENG,MF,25.0,22,14,1168.0,0.0,1.0,0.0,1.0,0.0,,,Everton
Jarrad Branthwaite,eng ENG,DF,23.0,10,7,680.0,1.0,0.0,0.0,1.0,0.0,,,Everton
Carlos Alcaraz,ar ARG,MF,22.0,20,6,689.0,0.0,1.0,0.0,4.0,0.0,,,Everton
Merlin Röhl,de GER,MF,23.0,16,6,682.0,1.0,0.0,0.0,0.0,0.0,,,Everton
Harrison Armstrong,eng ENG,MF,18.0,13,6,529.0,0.0,0.0,0.0,0.0,0.0,,,Everton
Tyler Dibling,eng ENG,MF,19.0,14,4,358.0,0.0,0.0,0.0,2.0,0.0,,,Everton
Nathan Patterson,sct SCO,DF,23.0,7,3,241.0,0.0,0.0,0.0,0.0,0.0,,,Everton
Tyrique George,eng ENG,MF,19.0,11,1,218.0,0.0,0.0,0.0,0.0,0.0,,,Everton
Séamus Coleman,ie IRL,DF,36.0,5,1,21.0,0.0,0.0,0.0,0.0,0.0,,,Everton
Adam Aznou,ma MAR,DF,19.0,0,0,,,,,,,,,Everton
Callum Bates,eng ENG,MF,19.0,0,0,,,,,,,,,Everton
Elijah Campbell,eng ENG,DF,20.0,0,0,,,,,,,,,Everton
Youssef Chermiti,pt POR,FW,21.0,0,0,,,,,,,,,Everton
Braiden Graham,nir NIR,FW,17.0,0,0,,,,,,,,,Everton
Tom King,wls WAL,GK,30.0,0,0,,,,,,,,,Everton
Tyler Onyango,eng ENG,MF,22.0,0,0,,,,,,,,,Everton
Mark Travers,ie IRL,GK,26.0,0,0,,,,,,,,,Everton
Harry Tyrer,eng ENG,GK,23.0,0,0,,,,,,,,,Everton
Reece Welch,eng ENG,DF,21.0,0,0,,,,,,,,,Everton
Squad Total,,,27.3,38,418,3420.0,45.0,34.0,2.0,74.0,4.0,,,Everton
Opponent Total,,,26.0,38,418,3420.0,49.0,42.0,3.0,61.0,0.0,,,Everton
Bernd Leno,de GER,GK,33.0,38,38,3420.0,0.0,0.0,0.0,3.0,0.0,,,Fulham
Sander Berge,no NOR,MF,27.0,35,34,2905.0,0.0,1.0,0.0,5.0,0.0,,,Fulham
Joachim Andersen,dk DEN,DF,29.0,33,33,2875.0,0.0,1.0,0.0,7.0,1.0,,,Fulham
Harry Wilson,wls WAL,MF,28.0,36,32,2673.0,10.0,7.0,0.0,7.0,0.0,,,Fulham
Alex Iwobi,ng NGA,MF,29.0,29,29,2419.0,4.0,3.0,0.0,3.0,0.0,,,Fulham
Calvin Bassey,ng NGA,DF,25.0,30,28,2534.0,1.0,0.0,0.0,5.0,0.0,,,Fulham
Raúl Jiménez,mx MEX,FW,34.0,36,27,2189.0,9.0,3.0,4.0,5.0,0.0,,,Fulham
Emile Smith Rowe,eng ENG,MF,25.0,37,22,1923.0,3.0,0.0,0.0,1.0,0.0,,,Fulham
Kenny Tete,nl NED,DF,29.0,22,21,1791.0,1.0,0.0,0.0,2.0,0.0,,,Fulham
Timothy Castagne,be BEL,"DF,MF",29.0,30,20,1845.0,0.0,0.0,0.0,4.0,0.0,,,Fulham
Ryan Sessegnon,eng ENG,"DF,MF",25.0,27,20,1823.0,3.0,1.0,0.0,0.0,0.0,,,Fulham
Saša Lukić,rs SRB,MF,28.0,26,20,1734.0,1.0,2.0,0.0,9.0,0.0,,,Fulham
Antonee Robinson,us USA,"DF,MF",27.0,22,17,1492.0,1.0,0.0,1.0,5.0,0.0,,,Fulham
Joshua King,eng ENG,MF,18.0,32,15,1308.0,1.0,2.0,0.0,4.0,0.0,,,Fulham
Jorge Cuenca,es ESP,DF,25.0,15,11,938.0,0.0,0.0,0.0,6.0,0.0,,,Fulham
Samuel Chukwueze,ng NGA,MF,26.0,23,10,1079.0,3.0,4.0,0.0,0.0,0.0,,,Fulham
Rodrigo Muniz,br BRA,FW,24.0,21,10,1000.0,1.0,1.0,0.0,2.0,0.0,,,Fulham
Kevin,br BRA,MF,22.0,26,9,1041.0,1.0,1.0,0.0,1.0,0.0,,,Fulham
Issa Diop,ma MAR,DF,28.0,13,8,816.0,1.0,0.0,0.0,2.0,0.0,,,Fulham
Tom Cairney,sct SCO,MF,34.0,24,6,775.0,2.0,0.0,0.0,3.0,0.0,,,Fulham
Oscar Bobb,no NOR,MF,22.0,14,6,571.0,0.0,0.0,0.0,0.0,0.0,,,Fulham
Adama Traoré,es ESP,MF,29.0,15,1,274.0,0.0,0.0,0.0,0.0,0.0,,,Fulham
Harrison Reed,eng ENG,MF,30.0,7,1,94.0,1.0,0.0,0.0,0.0,0.0,,,Fulham
Jonah Kusi-Asare,se SWE,FW,18.0,7,0,55.0,0.0,0.0,0.0,1.0,0.0,,,Fulham
Samuel Amissah,eng ENG,DF,18.0,0,0,,,,,,,,,Fulham
Benjamin Lecomte,fr FRA,GK,34.0,0,0,,,,,,,,,Fulham
Alfie McNally,eng ENG,GK,20.0,0,0,,,,,,,,,Fulham
Andreas Pereira,br BRA,MF,29.0,0,0,,,,,,,,,Fulham
Seth Ridgeon,eng ENG,MF,16.0,0,0,,,,,,,,,Fulham
Squad Total,,,28.1,38,418,3420.0,43.0,26.0,5.0,75.0,1.0,,,Fulham
Opponent Total,,,26.1,38,418,3420.0,48.0,37.0,3.0,63.0,4.0,,,Fulham
Ethan Ampadu,wls WAL,MF,24.0,35,35,3119.0,1.0,1.0,0.0,10.0,0.0,,,Leeds-United
Joe Rodon,wls WAL,DF,27.0,35,33,2951.0,2.0,0.0,0.0,3.0,0.0,,,Leeds-United
Pascal Struijk,nl NED,DF,25.0,34,33,2936.0,0.0,1.0,0.0,5.0,0.0,,,Leeds-United
Jayden Bogle,eng ENG,"MF,DF",25.0,34,32,2793.0,1.0,2.0,0.0,6.0,0.0,,,Leeds-United
Gabriel Gudmundsson,se SWE,"DF,MF",26.0,32,31,2631.0,0.0,0.0,0.0,6.0,1.0,,,Leeds-United
Dominic Calvert-Lewin,eng ENG,FW,28.0,35,30,2721.0,14.0,1.0,4.0,3.0,0.0,,,Leeds-United
Brenden Aaronson,us USA,"MF,FW",24.0,37,30,2449.0,4.0,5.0,0.0,3.0,0.0,,,Leeds-United
Anton Stach,de GER,MF,26.0,29,28,2370.0,5.0,3.0,0.0,3.0,0.0,,,Leeds-United
Karl Darlow,wls WAL,GK,34.0,22,22,1980.0,0.0,0.0,0.0,1.0,0.0,,,Leeds-United
James Justin,eng ENG,"DF,MF",27.0,29,21,1901.0,2.0,1.0,0.0,4.0,0.0,,,Leeds-United
Jaka Bijol,si SVN,DF,26.0,25,21,1890.0,1.0,2.0,0.0,4.0,0.0,,,Leeds-United
Noah Okafor,ch SUI,"FW,MF",25.0,28,19,1561.0,8.0,1.0,0.0,3.0,0.0,,,Leeds-United
Lucas Perri,br BRA,GK,27.0,16,16,1440.0,0.0,0.0,0.0,2.0,0.0,,,Leeds-United
Ilia Gruev,bg BUL,MF,25.0,23,15,1323.0,0.0,3.0,0.0,3.0,0.0,,,Leeds-United
Ao Tanaka,jp JPN,MF,26.0,28,14,1315.0,2.0,0.0,0.0,1.0,0.0,,,Leeds-United
Lukas Nmecha,de GER,FW,26.0,31,10,1083.0,6.0,1.0,2.0,0.0,0.0,,,Leeds-United
Sean Longstaff,eng ENG,MF,27.0,23,10,1011.0,2.0,2.0,0.0,2.0,0.0,,,Leeds-United
Daniel James,wls WAL,"FW,MF",27.0,19,6,559.0,0.0,0.0,0.0,0.0,0.0,,,Leeds-United
Sebastiaan Bornauw,be BEL,DF,26.0,12,5,429.0,0.0,0.0,0.0,1.0,0.0,,,Leeds-United
Wilfried Gnonto,it ITA,FW,21.0,23,4,537.0,0.0,1.0,0.0,3.0,0.0,,,Leeds-United
Joël Piroe,sr SUR,FW,25.0,16,2,258.0,0.0,0.0,0.0,0.0,0.0,,,Leeds-United
Jack Harrison,eng ENG,FW,28.0,11,1,269.0,0.0,0.0,0.0,0.0,0.0,,,Leeds-United
Facundo Buonanotte,ar ARG,MF,20.0,3,0,39.0,0.0,0.0,0.0,1.0,0.0,,,Leeds-United
Sam Byram,eng ENG,"DF,MF",31.0,2,0,9.0,0.0,0.0,0.0,0.0,0.0,,,Leeds-United
Rhys Chadwick-Chaplin,eng ENG,MF,18.0,0,0,,,,,,,,,Leeds-United
Samuel Chambers,eng ENG,MF,17.0,0,0,,,,,,,,,Leeds-United
Alfie Cresswell,eng ENG,MF,18.0,0,0,,,,,,,,,Leeds-United
Harry Gray,eng ENG,FW,16.0,0,0,,,,,,,,,Leeds-United
Jayden Lienou,wls WAL,DF,17.0,0,0,,,,,,,,,Leeds-United
Illan Meslier,fr FRA,GK,25.0,0,0,,,,,,,,,Leeds-United
Largie Ramazani,be BEL,"FW,MF",24.0,0,0,,,,,,,,,Leeds-United
Squad Total,,,26.8,38,418,3420.0,48.0,24.0,6.0,64.0,1.0,,,Leeds-United
Opponent Total,,,26.1,38,418,3420.0,55.0,38.0,6.0,67.0,1.0,,,Leeds-United
Virgil van Dijk,nl NED,DF,34.0,38,38,3420.0,6.0,0.0,0.0,4.0,0.0,,,Liverpool
Dominik Szoboszlai,hu HUN,"MF,DF",24.0,36,36,3231.0,6.0,7.0,0.0,8.0,1.0,,,Liverpool
Ibrahima Konaté,fr FRA,DF,26.0,36,36,3090.0,1.0,0.0,0.0,7.0,0.0,,,Liverpool
Ryan Gravenberch,nl NED,MF,23.0,36,34,2992.0,5.0,3.0,0.0,5.0,0.0,,,Liverpool
Cody Gakpo,nl NED,"MF,FW",26.0,36,32,2737.0,7.0,5.0,0.0,3.0,0.0,,,Liverpool
Alexis Mac Allister,ar ARG,MF,26.0,37,31,2658.0,2.0,4.0,0.0,7.0,0.0,,,Liverpool
Florian Wirtz,de GER,MF,22.0,33,27,2378.0,5.0,3.0,0.0,1.0,0.0,,,Liverpool
Milos Kerkez,hu HUN,DF,21.0,34,27,2257.0,2.0,1.0,0.0,4.0,0.0,,,Liverpool
Alisson,br BRA,GK,32.0,26,26,2340.0,0.0,0.0,0.0,1.0,0.0,,,Liverpool
Mohamed Salah,eg EGY,MF,33.0,27,23,2146.0,7.0,7.0,1.0,1.0,0.0,,,Liverpool
Hugo Ekitike,fr FRA,FW,23.0,28,21,1803.0,11.0,4.0,0.0,0.0,0.0,,,Liverpool
Curtis Jones,eng ENG,"MF,DF",24.0,34,18,1937.0,1.0,2.0,0.0,2.0,0.0,,,Liverpool
Jeremie Frimpong,nl NED,"DF,MF",24.0,21,12,1040.0,0.0,1.0,0.0,1.0,0.0,,,Liverpool
Conor Bradley,nir NIR,DF,22.0,15,12,929.0,0.0,1.0,0.0,5.0,0.0,,,Liverpool
Andy Robertson,sct SCO,DF,31.0,24,11,1176.0,1.0,0.0,0.0,0.0,0.0,,,Liverpool
Giorgi Mamardashvili,ge GEO,GK,24.0,10,10,867.0,0.0,0.0,0.0,0.0,0.0,,,Liverpool
Alexander Isak,se SWE,FW,25.0,14,8,699.0,3.0,1.0,0.0,0.0,0.0,,,Liverpool
Joe Gomez,eng ENG,DF,28.0,21,7,607.0,0.0,2.0,0.0,4.0,0.0,,,Liverpool
Rio Ngumoha,eng ENG,MF,16.0,19,5,560.0,2.0,1.0,0.0,0.0,0.0,,,Liverpool
Freddie Woodman,eng ENG,GK,28.0,3,2,213.0,0.0,0.0,0.0,0.0,0.0,,,Liverpool
Federico Chiesa,it ITA,MF,27.0,26,1,339.0,2.0,1.0,0.0,3.0,0.0,,,Liverpool
Wataru Endo,jp JPN,DF,32.0,8,1,175.0,0.0,1.0,0.0,1.0,0.0,,,Liverpool
Trey Nyoni,eng ENG,MF,18.0,6,0,24.0,0.0,0.0,0.0,0.0,0.0,,,Liverpool
Harvey Elliott,eng ENG,"FW,MF",22.0,1,0,1.0,0.0,0.0,0.0,0.0,0.0,,,Liverpool
Giovanni Leoni,it ITA,DF,18.0,0,0,,,,,,,,,Liverpool
James McConnell,eng ENG,MF,20.0,0,0,,,,,,,,,Liverpool
Kieran Morrison,nir NIR,MF,18.0,0,0,,,,,,,,,Liverpool
Amara Nallo,eng ENG,DF,18.0,0,0,,,,,,,,,Liverpool
Wellity Omoruyi,es ESP,DF,19.0,0,0,,,,,,,,,Liverpool
Ármin Pécsi,hu HUN,GK,20.0,0,0,,,,,,,,,Liverpool
Calvin Ramsay,sct SCO,DF,22.0,0,0,,,,,,,,,Liverpool
Mor Talla Ndiaye,sn SEN,DF,17.0,0,0,,,,,,,,,Liverpool
Will Wright,,FW,,0,0,,,,,,,,,Liverpool
Squad Total,,,26.6,38,418,3420.0,61.0,44.0,1.0,57.0,1.0,,,Liverpool
Opponent Total,,,26.2,38,418,3420.0,53.0,33.0,3.0,81.0,5.0,,,Liverpool
Gianluigi Donnarumma,it ITA,GK,26.0,34,34,3060.0,0.0,0.0,0.0,8.0,0.0,,,Manchester-City
Erling Haaland,no NOR,FW,25.0,35,34,2953.0,27.0,8.0,3.0,2.0,0.0,,,Manchester-City
Bernardo Silva,pt POR,MF,30.0,38,34,2872.0,2.0,4.0,0.0,10.0,0.0,,,Manchester-City
Matheus Nunes,pt POR,DF,26.0,34,32,2862.0,1.0,5.0,0.0,5.0,0.0,,,Manchester-City
Nico O'Reilly,eng ENG,"DF,MF",20.0,34,29,2646.0,5.0,3.0,0.0,5.0,0.0,,,Manchester-City
Rúben Dias,pt POR,DF,28.0,26,24,2141.0,2.0,0.0,0.0,3.0,0.0,,,Manchester-City
Phil Foden,eng ENG,MF,25.0,33,23,2086.0,7.0,5.0,0.0,4.0,0.0,,,Manchester-City
Rayan Cherki,fr FRA,MF,21.0,33,19,1786.0,4.0,12.0,0.0,1.0,0.0,,,Manchester-City
Jeremy Doku,be BEL,"MF,FW",23.0,30,19,1784.0,5.0,5.0,0.0,0.0,0.0,,,Manchester-City
Tijjani Reijnders,nl NED,MF,27.0,28,19,1631.0,5.0,2.0,0.0,2.0,0.0,,,Manchester-City
Nicolás González,es ESP,MF,23.0,25,17,1569.0,1.0,0.0,0.0,6.0,0.0,,,Manchester-City
Rodri,es ESP,MF,29.0,21,17,1511.0,1.0,0.0,0.0,3.0,0.0,,,Manchester-City
Antoine Semenyo,gh GHA,"MF,FW",25.0,17,17,1397.0,7.0,1.0,0.0,1.0,0.0,,,Manchester-City
Joško Gvardiol,hr CRO,DF,23.0,18,16,1372.0,2.0,2.0,0.0,2.0,0.0,,,Manchester-City
Abdukodir Khusanov,uz UZB,DF,21.0,21,15,1432.0,0.0,0.0,0.0,2.0,0.0,,,Manchester-City
Marc Guéhi,eng ENG,DF,25.0,15,15,1350.0,1.0,1.0,0.0,2.0,0.0,,,Manchester-City
Rayan Aït-Nouri,dz ALG,DF,24.0,17,12,974.0,0.0,2.0,0.0,2.0,0.0,,,Manchester-City
Omar Marmoush,eg EGY,"FW,MF",26.0,21,8,700.0,3.0,3.0,0.0,3.0,0.0,,,Manchester-City
Sávio,br BRA,MF,21.0,24,7,833.0,1.0,1.0,0.0,2.0,0.0,,,Manchester-City
Nathan Aké,nl NED,DF,30.0,18,6,695.0,0.0,0.0,0.0,1.0,0.0,,,Manchester-City
Oscar Bobb,no NOR,"MF,FW",22.0,9,5,468.0,0.0,1.0,0.0,1.0,0.0,,,Manchester-City
John Stones,eng ENG,DF,31.0,9,5,439.0,0.0,0.0,0.0,0.0,0.0,,,Manchester-City
Rico Lewis,eng ENG,DF,20.0,11,4,407.0,0.0,1.0,0.0,2.0,0.0,,,Manchester-City
James Trafford,eng ENG,GK,22.0,4,4,360.0,0.0,0.0,0.0,0.0,0.0,,,Manchester-City
Max Alleyne,eng ENG,DF,20.0,2,2,135.0,0.0,0.0,0.0,0.0,0.0,,,Manchester-City
Mateo Kovačić,hr CRO,MF,31.0,6,1,130.0,0.0,1.0,0.0,0.0,0.0,,,Manchester-City
Divine Mukasa,eng ENG,MF,17.0,2,0,27.0,0.0,0.0,0.0,0.0,0.0,,,Manchester-City
Manuel Akanji,ch SUI,"DF,MF",30.0,0,0,,,,,,,,,Manchester-City
Marcus Bettinelli,eng ENG,GK,33.0,0,0,,,,,,,,,Manchester-City
Charlie Gray,eng ENG,MF,19.0,0,0,,,,,,,,,Manchester-City
İlkay Gündoğan,de GER,MF,34.0,0,0,,,,,,,,,Manchester-City
Reigan Heskey,eng ENG,FW,17.0,0,0,,,,,,,,,Manchester-City
Ryan Mcaidoo,eng ENG,FW,17.0,0,0,,,,,,,,,Manchester-City
Stephen Mfuni,eng ENG,DF,17.0,0,0,,,,,,,,,Manchester-City
Ederson Moraes,br BRA,GK,31.0,0,0,,,,,,,,,Manchester-City
Stefan Ortega,de GER,GK,32.0,0,0,,,,,,,,,Manchester-City
Squad Total,,,25.4,38,418,3420.0,74.0,57.0,3.0,67.0,0.0,,,Manchester-City
Opponent Total,,,26.2,38,418,3420.0,35.0,20.0,1.0,78.0,2.0,,,Manchester-City
Luke Shaw,eng ENG,DF,30.0,38,38,3219.0,1.0,1.0,0.0,9.0,0.0,,,Manchester-United
Bruno Fernandes,pt POR,MF,30.0,35,35,3063.0,9.0,21.0,4.0,5.0,0.0,,,Manchester-United
Casemiro,br BRA,MF,33.0,34,33,2571.0,9.0,2.0,0.0,11.0,1.0,,,Manchester-United
Senne Lammens,be BEL,GK,23.0,32,32,2880.0,0.0,0.0,0.0,0.0,0.0,,,Manchester-United
Bryan Mbeumo,cm CMR,"MF,FW",25.0,33,31,2609.0,11.0,3.0,0.0,4.0,0.0,,,Manchester-United
Diogo Dalot,pt POR,"DF,MF",26.0,34,29,2614.0,1.0,3.0,0.0,5.0,0.0,,,Manchester-United
Matheus Cunha,br BRA,"MF,FW",26.0,33,29,2494.0,10.0,2.0,0.0,4.0,0.0,,,Manchester-United
Amad Diallo,ci CIV,MF,23.0,32,27,2341.0,2.0,3.0,0.0,2.0,0.0,,,Manchester-United
Harry Maguire,eng ENG,DF,32.0,23,19,1653.0,1.0,2.0,0.0,3.0,1.0,,,Manchester-United
Leny Yoro,fr FRA,DF,19.0,32,18,1740.0,0.0,0.0,0.0,1.0,0.0,,,Manchester-United
Benjamin Šeško,si SVN,FW,22.0,30,17,1643.0,11.0,1.0,0.0,2.0,0.0,,,Manchester-United
Kobbie Mainoo,eng ENG,MF,20.0,28,16,1662.0,1.0,2.0,0.0,2.0,0.0,,,Manchester-United
Patrick Dorgu,dk DEN,MF,20.0,26,15,1449.0,4.0,4.0,0.0,5.0,0.0,,,Manchester-United
Lisandro Martínez,ar ARG,DF,27.0,18,13,1233.0,0.0,0.0,0.0,0.0,1.0,,,Manchester-United
Matthijs de Ligt,nl NED,DF,25.0,13,13,1170.0,1.0,0.0,0.0,0.0,0.0,,,Manchester-United
Mason Mount,eng ENG,MF,26.0,23,12,1017.0,3.0,0.0,0.0,2.0,0.0,,,Manchester-United
Noussair Mazraoui,ma MAR,"DF,MF",27.0,20,11,985.0,0.0,0.0,0.0,3.0,0.0,,,Manchester-United
Ayden Heaven,eng ENG,DF,18.0,17,11,924.0,0.0,1.0,0.0,2.0,0.0,,,Manchester-United
Manuel Ugarte,uy URU,MF,24.0,22,8,887.0,0.0,0.0,0.0,1.0,0.0,,,Manchester-United
Altay Bayındır,tr TUR,GK,27.0,6,6,540.0,0.0,0.0,0.0,0.0,0.0,,,Manchester-United
Joshua Zirkzee,nl NED,"FW,MF",24.0,24,5,626.0,2.0,1.0,0.0,3.0,0.0,,,Manchester-United
Jack Fletcher,eng ENG,MF,18.0,3,0,108.0,0.0,0.0,0.0,0.0,0.0,,,Manchester-United
Shea Lacey,eng ENG,FW,18.0,3,0,43.0,0.0,0.0,0.0,0.0,0.0,,,Manchester-United
Tyler Fletcher,sct SCO,MF,18.0,2,0,18.0,0.0,0.0,0.0,0.0,0.0,,,Manchester-United
Tyrell Malacia,nl NED,DF,25.0,3,0,18.0,0.0,0.0,0.0,0.0,0.0,,,Manchester-United
Bendito Mantato,eng ENG,MF,17.0,1,0,16.0,0.0,0.0,0.0,0.0,0.0,,,Manchester-United
Tyler Fredricson,eng ENG,DF,20.0,1,0,3.0,0.0,0.0,0.0,0.0,0.0,,,Manchester-United
Tom Heaton,eng ENG,GK,39.0,0,0,,,,,,,,,Manchester-United
Godwill Kukonki,eng ENG,DF,17.0,0,0,,,,,,,,,Manchester-United
Diego León,py PAR,DF,18.0,0,0,,,,,,,,,Manchester-United
Jack Moorhouse,ie IRL,MF,19.0,0,0,,,,,,,,,Manchester-United
Chidozie Obi-Martin,dk DEN,FW,17.0,0,0,,,,,,,,,Manchester-United
André Onana,cm CMR,GK,29.0,0,0,,,,,,,,,Manchester-United
Jim Thwaites,eng ENG,MF,17.0,0,0,,,,,,,,,Manchester-United
Squad Total,,,26.1,38,418,3420.0,66.0,46.0,4.0,64.0,3.0,,,Manchester-United
Opponent Total,,,26.1,38,418,3420.0,48.0,31.0,4.0,77.0,5.0,,,Manchester-United
Malick Thiaw,de GER,DF,23.0,35,33,2965.0,4.0,0.0,0.0,4.0,0.0,,,Newcastle-United
Sandro Tonali,it ITA,MF,25.0,35,31,2534.0,0.0,2.0,0.0,4.0,0.0,,,Newcastle-United
Bruno Guimarães,br BRA,MF,27.0,29,27,2453.0,9.0,5.0,2.0,6.0,0.0,,,Newcastle-United
Nick Pope,eng ENG,GK,33.0,27,27,2416.0,0.0,0.0,0.0,2.0,0.0,,,Newcastle-United
Dan Burn,eng ENG,DF,33.0,29,25,2199.0,1.0,2.0,0.0,11.0,1.0,,,Newcastle-United
Lewis Hall,eng ENG,DF,20.0,30,24,2181.0,1.0,1.0,0.0,4.0,0.0,,,Newcastle-United
Nick Woltemade,de GER,"FW,MF",23.0,33,24,1902.0,8.0,3.0,1.0,0.0,0.0,,,Newcastle-United
Anthony Gordon,eng ENG,FW,24.0,26,24,1795.0,6.0,2.0,3.0,3.0,1.0,,,Newcastle-United
Joelinton,br BRA,MF,28.0,27,23,1951.0,2.0,1.0,0.0,10.0,0.0,,,Newcastle-United
Sven Botman,nl NED,DF,25.0,25,21,1835.0,1.0,1.0,0.0,2.0,0.0,,,Newcastle-United
Harvey Barnes,eng ENG,"FW,MF",27.0,37,19,1966.0,7.0,1.0,0.0,1.0,0.0,,,Newcastle-United
Jacob Murphy,eng ENG,"FW,MF",30.0,33,19,1617.0,3.0,2.0,0.0,2.0,0.0,,,Newcastle-United
Kieran Trippier,eng ENG,DF,34.0,21,18,1586.0,0.0,1.0,0.0,3.0,0.0,,,Newcastle-United
Lewis Miley,eng ENG,"MF,DF",19.0,23,15,1496.0,1.0,4.0,0.0,0.0,0.0,,,Newcastle-United
Jacob Ramsey,eng ENG,MF,24.0,28,15,1450.0,2.0,3.0,0.0,5.0,1.0,,,Newcastle-United
Tino Livramento,eng ENG,DF,22.0,17,14,1328.0,0.0,1.0,0.0,1.0,0.0,,,Newcastle-United
Anthony Elanga,se SWE,"FW,MF",23.0,32,14,1319.0,0.0,1.0,0.0,0.0,0.0,,,Newcastle-United
Fabian Schär,ch SUI,DF,33.0,16,11,1091.0,0.0,0.0,0.0,1.0,0.0,,,Newcastle-United
Aaron Ramsdale,eng ENG,GK,27.0,12,11,1004.0,0.0,0.0,0.0,2.0,0.0,,,Newcastle-United
Joe Willock,eng ENG,MF,25.0,24,10,983.0,0.0,2.0,0.0,3.0,0.0,,,Newcastle-United
William Osula,dk DEN,FW,21.0,24,8,819.0,7.0,0.0,0.0,0.0,0.0,,,Newcastle-United
Yoane Wissa,cd COD,FW,28.0,19,4,531.0,1.0,1.0,0.0,3.0,0.0,,,Newcastle-United
Emil Krafth,se SWE,DF,30.0,1,1,45.0,0.0,0.0,0.0,0.0,0.0,,,Newcastle-United
Jamaal Lascelles,eng ENG,DF,31.0,2,0,21.0,0.0,0.0,0.0,0.0,0.0,,,Newcastle-United
Sean Neave,eng ENG,FW,18.0,1,0,14.0,0.0,0.0,0.0,0.0,0.0,,,Newcastle-United
Alex Murphy,ie IRL,DF,21.0,2,0,9.0,0.0,0.0,0.0,0.0,0.0,,,Newcastle-United
Adedamola Alabi,eng ENG,MF,16.0,0,0,,,,,,,,,Newcastle-United
John Ruddy,eng ENG,GK,38.0,0,0,,,,,,,,,Newcastle-United
Park Seungsoo,kr KOR,MF,18.0,0,0,,,,,,,,,Newcastle-United
Leo Shahar,eng ENG,DF,18.0,0,0,,,,,,,,,Newcastle-United
Squad Total,,,26.7,38,418,3420.0,53.0,33.0,6.0,67.0,3.0,,,Newcastle-United
Opponent Total,,,26.0,38,418,3420.0,53.0,33.0,5.0,91.0,2.0,,,Newcastle-United
Nikola Milenković,rs SRB,DF,27.0,38,37,3375.0,0.0,0.0,0.0,6.0,0.0,,,Nottingham-Forest
Elliot Anderson,eng ENG,MF,22.0,38,37,3331.0,4.0,4.0,1.0,8.0,0.0,,,Nottingham-Forest
Neco Williams,wls WAL,DF,24.0,37,36,3204.0,2.0,3.0,0.0,6.0,1.0,,,Nottingham-Forest
Morgan Gibbs-White,eng ENG,MF,25.0,37,35,3097.0,15.0,4.0,1.0,1.0,0.0,,,Nottingham-Forest
Matz Sels,be BEL,GK,33.0,31,30,2668.0,0.0,0.0,0.0,2.0,0.0,,,Nottingham-Forest
Igor Jesus,br BRA,FW,24.0,37,28,2298.0,6.0,4.0,1.0,2.0,0.0,,,Nottingham-Forest
Murillo,br BRA,DF,23.0,25,25,2130.0,1.0,0.0,0.0,5.0,0.0,,,Nottingham-Forest
Ibrahim Sangaré,ci CIV,MF,27.0,28,25,2075.0,2.0,2.0,0.0,5.0,0.0,,,Nottingham-Forest
Callum Hudson-Odoi,eng ENG,MF,24.0,30,21,1841.0,3.0,4.0,0.0,0.0,0.0,,,Nottingham-Forest
Ola Aina,ng NGA,DF,28.0,18,18,1588.0,0.0,0.0,0.0,3.0,0.0,,,Nottingham-Forest
Omari Hutchinson,eng ENG,MF,21.0,31,17,1688.0,1.0,5.0,0.0,1.0,0.0,,,Nottingham-Forest
Nicolás Domínguez,ar ARG,MF,27.0,27,17,1175.0,1.0,1.0,0.0,3.0,0.0,,,Nottingham-Forest
Morato,br BRA,DF,24.0,21,14,1345.0,1.0,0.0,0.0,5.0,0.0,,,Nottingham-Forest
Dan Ndoye,ch SUI,MF,24.0,24,14,1173.0,1.0,1.0,0.0,1.0,0.0,,,Nottingham-Forest
Nicolò Savona,it ITA,DF,22.0,14,11,1028.0,2.0,0.0,0.0,2.0,0.0,,,Nottingham-Forest
Chris Wood,nz NZL,FW,33.0,15,11,901.0,3.0,0.0,0.0,0.0,0.0,,,Nottingham-Forest
Dilane Bakwa,fr FRA,MF,22.0,14,6,553.0,0.0,2.0,0.0,1.0,0.0,,,Nottingham-Forest
Jair Cunha,br BRA,DF,20.0,9,6,517.0,0.0,0.0,0.0,0.0,0.0,,,Nottingham-Forest
John,br BRA,GK,29.0,5,5,437.0,0.0,0.0,0.0,1.0,0.0,,,Nottingham-Forest
Douglas Luiz,br BRA,MF,27.0,8,5,315.0,0.0,0.0,0.0,2.0,0.0,,,Nottingham-Forest
Oleksandr Zinchenko,ua UKR,DF,28.0,5,4,353.0,0.0,0.0,0.0,0.0,0.0,,,Nottingham-Forest
Taiwo Awoniyi,ng NGA,FW,27.0,17,3,494.0,4.0,1.0,0.0,2.0,0.0,,,Nottingham-Forest
Luca Netz,de GER,"DF,MF",22.0,7,3,357.0,0.0,0.0,0.0,0.0,0.0,,,Nottingham-Forest
Stefan Ortega,de GER,GK,32.0,3,3,270.0,0.0,0.0,0.0,0.0,0.0,,,Nottingham-Forest
Ryan Yates,eng ENG,MF,27.0,22,2,617.0,0.0,2.0,0.0,3.0,0.0,,,Nottingham-Forest
James Mcatee,eng ENG,MF,22.0,14,2,298.0,0.0,1.0,0.0,1.0,0.0,,,Nottingham-Forest
Zach Abbott,eng ENG,DF,19.0,3,2,164.0,0.0,0.0,0.0,0.0,0.0,,,Nottingham-Forest
Lorenzo Lucca,it ITA,FW,24.0,4,1,129.0,1.0,0.0,0.0,0.0,0.0,,,Nottingham-Forest
Arnaud Kalimuendo,fr FRA,FW,23.0,9,0,96.0,0.0,0.0,0.0,0.0,0.0,,,Nottingham-Forest
Angus Gunn,sct SCO,GK,29.0,1,0,45.0,0.0,0.0,0.0,0.0,0.0,,,Nottingham-Forest
Jota Silva,pt POR,FW,25.0,1,0,12.0,0.0,0.0,0.0,0.0,0.0,,,Nottingham-Forest
Willy Boly,ci CIV,DF,34.0,0,0,,,,,,,,,Nottingham-Forest
Lamin Sillah,gm GAM,FW,19.0,0,0,,,,,,,,,Nottingham-Forest
Eric da Silva Moreira,de GER,DF,19.0,0,0,,,,,,,,,Nottingham-Forest
Jimmy Sinclair,eng ENG,MF,18.0,0,0,,,,,,,,,Nottingham-Forest
Archie Whitehall,eng ENG,MF,19.0,0,0,,,,,,,,,Nottingham-Forest
Squad Total,,,25.9,38,418,3420.0,47.0,34.0,3.0,60.0,1.0,,,Nottingham-Forest
Opponent Total,,,26.3,38,418,3420.0,48.0,34.0,5.0,68.0,1.0,,,Nottingham-Forest
Robin Roefs,nl NED,GK,22.0,35,35,3150.0,0.0,0.0,0.0,4.0,0.0,,,Sunderland
Trai Hume,nir NIR,"DF,MF",23.0,38,34,3036.0,2.0,1.0,0.0,9.0,0.0,,,Sunderland
Enzo Le Fée,fr FRA,"MF,FW",25.0,36,33,2930.0,5.0,6.0,3.0,5.0,0.0,,,Sunderland
Noah Sadiki,cd COD,MF,20.0,33,33,2889.0,0.0,1.0,0.0,9.0,0.0,,,Sunderland
Granit Xhaka,ch SUI,MF,32.0,34,32,2904.0,1.0,6.0,0.0,8.0,0.0,,,Sunderland
Omar Alderete,py PAR,DF,28.0,33,32,2798.0,1.0,1.0,0.0,6.0,0.0,,,Sunderland
Nordi Mukiele,fr FRA,DF,27.0,32,32,2784.0,3.0,3.0,0.0,5.0,0.0,,,Sunderland
Daniel Ballard,nir NIR,DF,25.0,29,24,2149.0,2.0,0.0,0.0,4.0,1.0,,,Sunderland
Reinildo Mandava,mz MOZ,DF,31.0,25,23,1966.0,0.0,1.0,0.0,7.0,1.0,,,Sunderland
Brian Brobbey,nl NED,FW,23.0,31,22,1927.0,7.0,1.0,0.0,6.0,0.0,,,Sunderland
Lutsharel Geertruida,nl NED,"DF,MF",25.0,28,17,1693.0,0.0,0.0,0.0,2.0,0.0,,,Sunderland
Chemsdine Talbi,ma MAR,"MF,FW",20.0,28,16,1561.0,4.0,1.0,0.0,0.0,0.0,,,Sunderland
Habib Diarra,sn SEN,MF,21.0,20,15,1405.0,2.0,2.0,1.0,6.0,0.0,,,Sunderland
Wilson Isidor,ht HAI,FW,24.0,32,11,1165.0,6.0,0.0,0.0,1.0,0.0,,,Sunderland
Chris Rigg,eng ENG,MF,18.0,18,11,761.0,1.0,1.0,0.0,1.0,0.0,,,Sunderland
Simon Adingra,ci CIV,"MF,FW",23.0,14,9,653.0,1.0,0.0,0.0,2.0,0.0,,,Sunderland
Bertrand Traoré,bf BFA,"MF,FW",29.0,12,9,632.0,1.0,0.0,0.0,1.0,0.0,,,Sunderland
Eliezer Mayenda,es ESP,"FW,MF",20.0,20,8,759.0,2.0,0.0,0.0,0.0,0.0,,,Sunderland
Luke O'Nien,eng ENG,DF,30.0,12,5,569.0,0.0,1.0,0.0,1.0,1.0,,,Sunderland
Nilson Angulo,ec ECU,MF,22.0,8,5,404.0,0.0,0.0,0.0,1.0,0.0,,,Sunderland
Dennis Cirkin,lv LVA,DF,23.0,8,3,323.0,0.0,0.0,0.0,2.0,0.0,,,Sunderland
Melker Ellborg,se SWE,GK,22.0,3,3,270.0,0.0,0.0,0.0,0.0,0.0,,,Sunderland
Romaine Mundle,eng ENG,MF,22.0,14,2,411.0,0.0,0.0,0.0,1.0,0.0,,,Sunderland
Arthur Masuaku,cd COD,DF,31.0,3,2,126.0,0.0,0.0,0.0,1.0,0.0,,,Sunderland
Jenson Seelt,nl NED,DF,22.0,2,1,134.0,0.0,0.0,0.0,0.0,0.0,,,Sunderland
Jocelin Ta Bi,ci CIV,MF,20.0,1,1,38.0,0.0,0.0,0.0,0.0,0.0,,,Sunderland
Patrick Roberts,eng ENG,"FW,MF",28.0,1,0,28.0,0.0,0.0,0.0,0.0,0.0,,,Sunderland
Marc Guiu,es ESP,FW,19.0,2,0,15.0,0.0,0.0,0.0,0.0,0.0,,,Sunderland
Dan Neil,eng ENG,MF,23.0,3,0,14.0,0.0,0.0,0.0,0.0,0.0,,,Sunderland
Milan Aleksić,rs SRB,FW,19.0,0,0,,,,,,,,,Sunderland
Leo Fuhr Hjelde,no NOR,DF,21.0,0,0,,,,,,,,,Sunderland
Harrison Jones,eng ENG,MF,20.0,0,0,,,,,,,,,Sunderland
Jaydon Jones,eng ENG,MF,18.0,0,0,,,,,,,,,Sunderland
Jenson Jones,eng ENG,DF,24.0,0,0,,,,,,,,,Sunderland
Simon Moore,eng ENG,GK,35.0,0,0,,,,,,,,,Sunderland
Anthony Patterson,eng ENG,GK,25.0,0,0,,,,,,,,,Sunderland
Timur Tuterov,ua UKR,MF,20.0,0,0,,,,,,,,,Sunderland
Jack Whittaker,eng ENG,MF,18.0,0,0,,,,,,,,,Sunderland
Squad Total,,,25.3,38,418,3420.0,38.0,25.0,4.0,82.0,3.0,,,Sunderland
Opponent Total,,,26.3,38,418,3420.0,46.0,36.0,2.0,74.0,2.0,,,Sunderland
Jarrod Bowen,eng ENG,"MF,FW",28.0,38,38,3403.0,9.0,11.0,1.0,4.0,0.0,,,West-Ham-United
Mateus Fernandes,pt POR,MF,21.0,36,35,3016.0,3.0,4.0,0.0,7.0,0.0,,,West-Ham-United
El Hadji Malick Diouf,sn SEN,"DF,MF",20.0,32,30,2707.0,0.0,5.0,0.0,6.0,0.0,,,West-Ham-United
Crysencio Summerville,nl NED,"MF,FW",23.0,31,29,2470.0,5.0,2.0,0.0,6.0,0.0,,,West-Ham-United
Konstantinos Mavropanos,gr GRE,DF,27.0,31,27,2534.0,3.0,0.0,0.0,2.0,0.0,,,West-Ham-United
Tomáš Souček,cz CZE,MF,30.0,35,24,2200.0,5.0,0.0,0.0,3.0,1.0,,,West-Ham-United
Aaron Wan-Bissaka,cd COD,"DF,MF",27.0,25,23,2081.0,0.0,2.0,0.0,4.0,0.0,,,West-Ham-United
Jean-Clair Todibo,fr FRA,DF,25.0,23,22,1814.0,0.0,1.0,0.0,5.0,1.0,,,West-Ham-United
Alphonse Areola,fr FRA,GK,32.0,20,20,1800.0,0.0,1.0,0.0,0.0,0.0,,,West-Ham-United
Mads Hermansen,dk DEN,GK,25.0,18,18,1620.0,0.0,1.0,0.0,0.0,0.0,,,West-Ham-United
Lucas Paquetá,br BRA,"MF,FW",27.0,18,18,1511.0,4.0,1.0,2.0,7.0,1.0,,,West-Ham-United
Max Kilman,eng ENG,DF,28.0,21,17,1561.0,0.0,0.0,0.0,4.0,0.0,,,West-Ham-United
Valentín Castellanos,ar ARG,FW,26.0,18,17,1384.0,6.0,0.0,0.0,6.0,0.0,,,West-Ham-United
Kyle Walker-Peters,eng ENG,DF,28.0,23,15,1383.0,1.0,0.0,0.0,2.0,0.0,,,West-Ham-United
Axel Disasi,fr FRA,DF,27.0,14,14,1254.0,0.0,0.0,0.0,1.0,0.0,,,West-Ham-United
Freddie Potts,eng ENG,MF,21.0,22,12,1171.0,0.0,1.0,0.0,1.0,0.0,,,West-Ham-United
Callum Wilson,eng ENG,FW,33.0,32,11,1251.0,7.0,1.0,0.0,1.0,0.0,,,West-Ham-United
Soungoutou Magassa,fr FRA,MF,21.0,22,11,981.0,1.0,0.0,0.0,4.0,0.0,,,West-Ham-United
Pablo,br BRA,"MF,FW",21.0,14,10,823.0,0.0,1.0,0.0,0.0,0.0,,,West-Ham-United
Oliver Scarles,eng ENG,"DF,MF",19.0,13,9,659.0,0.0,0.0,0.0,2.0,0.0,,,West-Ham-United
James Ward-Prowse,eng ENG,MF,30.0,5,5,413.0,0.0,0.0,0.0,0.0,0.0,,,West-Ham-United
Niclas Füllkrug,de GER,FW,32.0,8,5,409.0,0.0,0.0,0.0,0.0,0.0,,,West-Ham-United
Nayef Aguerd,ma MAR,DF,29.0,2,2,180.0,0.0,0.0,0.0,0.0,0.0,,,West-Ham-United
Guido Rodríguez,ar ARG,MF,31.0,6,2,180.0,0.0,0.0,0.0,1.0,0.0,,,West-Ham-United
Andy Irving,sct SCO,MF,25.0,7,2,158.0,0.0,0.0,0.0,0.0,0.0,,,West-Ham-United
Luis Guilherme,br BRA,FW,19.0,5,1,125.0,0.0,0.0,0.0,0.0,0.0,,,West-Ham-United
Igor,br BRA,DF,27.0,4,1,105.0,0.0,0.0,0.0,0.0,0.0,,,West-Ham-United
Adama Traoré,es ESP,"FW,MF",29.0,9,0,121.0,0.0,0.0,0.0,1.0,0.0,,,West-Ham-United
Ezra Mayers,bb BRB,DF,18.0,6,0,117.0,0.0,0.0,0.0,0.0,0.0,,,West-Ham-United
Mohamadou Kanté,fr FRA,MF,19.0,11,0,75.0,0.0,0.0,0.0,2.0,0.0,,,West-Ham-United
Callum Marshall,nir NIR,FW,20.0,2,0,60.0,0.0,0.0,0.0,0.0,0.0,,,West-Ham-United
George Earthy,eng ENG,MF,20.0,1,0,9.0,0.0,0.0,0.0,0.0,0.0,,,West-Ham-United
Edson Álvarez,mx MEX,"DF,MF",27.0,0,0,,,,,,,,,West-Ham-United
Łukasz Fabiański,pl POL,GK,40.0,0,0,,,,,,,,,West-Ham-United
Airidas Golambeckis,eng ENG,DF,17.0,0,0,,,,,,,,,West-Ham-United
Finlay Herrick,eng ENG,GK,19.0,0,0,,,,,,,,,West-Ham-United
Keiber Lamadrid,ve VEN,MF,21.0,0,0,,,,,,,,,West-Ham-United
Squad Total,,,26.3,38,418,3420.0,44.0,31.0,3.0,69.0,3.0,,,West-Ham-United
Opponent Total,,,26.2,38,418,3420.0,62.0,42.0,6.0,75.0,0.0,,,West-Ham-United
João Gomes,br BRA,MF,24.0,35,32,2829.0,1.0,1.0,0.0,10.0,0.0,,,Wolverhampton-Wanderers
André,br BRA,MF,24.0,35,30,2762.0,1.0,0.0,0.0,12.0,0.0,,,Wolverhampton-Wanderers
Santiago Bueno,uy URU,DF,26.0,29,28,2553.0,3.0,1.0,0.0,4.0,0.0,,,Wolverhampton-Wanderers
Ladislav Krejčí,cz CZE,"DF,MF",26.0,28,27,2356.0,2.0,1.0,0.0,5.0,1.0,,,Wolverhampton-Wanderers
Hugo Bueno,es ESP,"MF,DF",22.0,35,26,2366.0,1.0,2.0,0.0,3.0,0.0,,,Wolverhampton-Wanderers
Yerson Mosquera,co COL,DF,24.0,27,24,2136.0,0.0,0.0,0.0,12.0,0.0,,,Wolverhampton-Wanderers
José Sá,pt POR,GK,32.0,23,23,2070.0,0.0,0.0,0.0,2.0,0.0,,,Wolverhampton-Wanderers
Jackson Tchatchoua,cm CMR,"MF,DF",23.0,31,19,1845.0,0.0,1.0,0.0,3.0,0.0,,,Wolverhampton-Wanderers
Mateus Mane,pt POR,MF,17.0,27,19,1795.0,3.0,1.0,0.0,0.0,0.0,,,Wolverhampton-Wanderers
Hwang Hee-chan,kr KOR,"FW,MF",29.0,26,18,1446.0,2.0,2.0,1.0,5.0,0.0,,,Wolverhampton-Wanderers
Toti Gomes,pt POR,DF,26.0,19,17,1424.0,0.0,0.0,0.0,2.0,1.0,,,Wolverhampton-Wanderers
Jean-Ricner Bellegarde,ht HAI,"MF,FW",27.0,26,15,1248.0,1.0,1.0,0.0,5.0,0.0,,,Wolverhampton-Wanderers
Jørgen Strand Larsen,no NOR,FW,25.0,22,14,1404.0,1.0,1.0,1.0,2.0,0.0,,,Wolverhampton-Wanderers
Adam Armstrong,eng ENG,"FW,MF",28.0,14,14,1140.0,2.0,2.0,1.0,3.0,0.0,,,Wolverhampton-Wanderers
Jhon Arias,co COL,"FW,MF",27.0,23,14,1124.0,1.0,0.0,0.0,1.0,0.0,,,Wolverhampton-Wanderers
Tolu Arokodare,ng NGA,FW,24.0,33,13,1419.0,3.0,1.0,0.0,1.0,0.0,,,Wolverhampton-Wanderers
Emmanuel Agbadou,ci CIV,DF,28.0,14,12,1101.0,0.0,0.0,0.0,1.0,1.0,,,Wolverhampton-Wanderers
Sam Johnstone,eng ENG,GK,32.0,12,12,1080.0,0.0,0.0,0.0,0.0,0.0,,,Wolverhampton-Wanderers
David Møller Wolfe,no NOR,"MF,DF",23.0,22,11,1049.0,0.0,2.0,0.0,1.0,0.0,,,Wolverhampton-Wanderers
Matt Doherty,ie IRL,"DF,MF",33.0,11,11,787.0,0.0,0.0,0.0,4.0,0.0,,,Wolverhampton-Wanderers
Rodrigo Gomes,pt POR,"MF,FW",22.0,22,9,960.0,3.0,0.0,0.0,0.0,0.0,,,Wolverhampton-Wanderers
Marshall Munetsi,zw ZIM,"MF,FW",29.0,13,9,875.0,1.0,1.0,0.0,2.0,0.0,,,Wolverhampton-Wanderers
Angel Gomes,eng ENG,"MF,FW",24.0,12,7,461.0,0.0,0.0,0.0,1.0,0.0,,,Wolverhampton-Wanderers
Ki-Jana Hoever,nl NED,"MF,DF",23.0,8,6,425.0,0.0,0.0,0.0,0.0,0.0,,,Wolverhampton-Wanderers
Daniel Bentley,eng ENG,GK,32.0,3,3,270.0,0.0,0.0,0.0,0.0,0.0,,,Wolverhampton-Wanderers
Pedro Lima,br BRA,MF,19.0,9,3,260.0,0.0,0.0,0.0,0.0,0.0,,,Wolverhampton-Wanderers
Fer López,es ESP,MF,21.0,9,2,235.0,0.0,1.0,0.0,1.0,0.0,,,Wolverhampton-Wanderers
Tawanda Chirewa,zw ZIM,MF,21.0,2,0,27.0,0.0,0.0,0.0,0.0,0.0,,,Wolverhampton-Wanderers
Jerome Abbey,eng ENG,MF,15.0,1,0,17.0,0.0,0.0,0.0,0.0,0.0,,,Wolverhampton-Wanderers
Saša Kalajdžić,at AUT,"FW,MF",28.0,1,0,15.0,0.0,0.0,0.0,0.0,0.0,,,Wolverhampton-Wanderers
Tom Edozie,eng ENG,MF,19.0,3,0,14.0,1.0,0.0,0.0,0.0,0.0,,,Wolverhampton-Wanderers
Alfie Brooks,rs SRB,GK,21.0,0,0,,,,,,,,,Wolverhampton-Wanderers
Enso Gonzalez,py PAR,FW,20.0,0,0,,,,,,,,,Wolverhampton-Wanderers
Josh Gracey,nir NIR,GK,17.0,0,0,,,,,,,,,Wolverhampton-Wanderers
Temple Ojinnaka,it ITA,MF,20.0,0,0,,,,,,,,,Wolverhampton-Wanderers
Saheed Olagunju,ng NGA,DF,18.0,0,0,,,,,,,,,Wolverhampton-Wanderers
Alfie Pond,eng ENG,DF,21.0,0,0,,,,,,,,,Wolverhampton-Wanderers
Luke Rawlings,eng ENG,MF,17.0,0,0,,,,,,,,,Wolverhampton-Wanderers
Ethan Sutherland,sct SCO,FW,19.0,0,0,,,,,,,,,Wolverhampton-Wanderers
Squad Total,,,25.8,38,418,3420.0,26.0,18.0,3.0,80.0,3.0,,,Wolverhampton-Wanderers
Opponent Total,,,26.2,38,418,3420.0,64.0,50.0,5.0,64.0,3.0,,,Wolverhampton-Wanderers
